계란말이,"한식, 반찬",15분,쉬움,"부드러운 계란에 야채 팍팍 넣어 돌돌 말아낸 간단한 반찬, 누구나 뚝딱 만들 수 있어요!","달걀(3개), 당근(조금), 대파(조금), 소금(약간), 식용유(적당량)",당근과 대파를 잘게 다진다.,달걀을 그릇에 풀고 소금과 채소를 넣어 섞는다.,"팬에 식용유를 두르고, 달걀물을 절반만 붓는다.",가장자리가 익으면 돌돌 말아준다.,남은 달걀물을 붓고 다시 말아가며 익힌다.,완성된 달걀말이를 먹기 좋게 썰어 접시에 담으면 끝.,
스팸마요김치덮밥,"한식, 밥류",20분,중간,"스팸, 김치, 마요네즈의 환상 콤보로 완성한 덮밥, 한 그릇에 행복이 가득해요!","달걀(2개), 통조림 햄(약 1/3캔), 신 김치(1/2컵), 식용유(3큰술), 밥(1공기, 200g), 황설탕(1/3큰술), 진간장(1/3큰술), 쪽파(약간), 마요네즈(적당량)","스팸을 큐브 모양으로 썰고, 김치는 가위로 적당히 자른다.","달걀은 볼에 풀어 준비하고, 쪽파는 송송 썰어 놓는다.",미리 덮밥 그릇에 밥을 담아 준비해 둔다.,"팬에 식용유를 두르고, 달걀을 스크램블해 밥 가장자리에 올려준다.",팬에 식용유를 조금만 더 두르고 스팸을 볶아 스크램블 안쪽에 올려준다.,"팬에 남아 있는 기름에 김치를 넣고, 설탕과 진간장을 약간 넣어 볶은 후 스팸 위에 올린다.","마지막으로 마요네즈를 뿌리고, 송송 썬 쪽파를 얹어 완성한다."
김치볶음밥,"한식, 밥류",10분,쉬움,"남은 김치와 밥으로 5분 만에 뚝딱! 초간단 볶음밥, 혼밥러도 문제없어요!","김치(1/2컵), 소시지(1개), 즉석밥(1개), 식용유(약간), 간장(1큰술), 설탕(약간), 달걀(1개), 김가루(선택사항)",소시지와 김치를 간단하게 잘게 썬다.,팬에 식용유를 두르고 소시지와 김치를 함께 볶는다.,설탕과 간장을 넣고 더 볶아준다.,즉석밥을 넣고 골고루 섞어 볶아준다.,다른 팬에서 달걀프라이를 만들어 볶음밥 위에 얹는다.,,
두부조림,"한식, 반찬",20분,중간,"부드러운 두부에 매콤한 양념이 꽉 배어든 두부조림, 진짜 밥도둑!","두부(1모, 290g), 새우젓(1큰술), 굵은 고춧가루(2큰술), 진간장(2큰술), 황설탕(1/3큰술), 물(1컵, 180ml), 간 마늘(1/2큰술), 간 생강(약간), 대파(1컵, 60g), 청양고추(1개), 들기름(1큰술)",대파와 청양고추를 송송 썰어 준비한다.,두부는 1cm 두께로 썬다.,팬에 두부를 깔고 물을 두부가 반쯤 잠길 정도로 붓는다.,"새우젓, 고춧가루, 진간장, 설탕, 간 마늘, 간 생강, 청양고추, 대파를 넣고 졸인다.",양념이 반쯤 졸아들면 들기름을 넣고 계속 졸인다.,양념장이 자작해지면 불을 끄고 접시에 담아 완성한다.,
된장찌개,"한식, 국/찌개",30분,중간,구수한 된장에 신선한 야채를 넣어 한 그릇 완성! 언제 먹어도 든든한 힐링 푸드.,"된장(2큰술), 두부(1/2모), 애호박(1/4개), 감자(1/2개), 양파(1/4개), 대파(약간), 고춧가루(1작은술, 선택), 물(2컵), 다진 마늘(1작은술)",냄비에 물 2컵을 넣고 된장을 풀어 끓인다.,"애호박, 감자, 양파를 적당한 크기로 썰어 된장 국물에 넣고 끓인다.",다진 마늘과 고춧가루를 넣고 야채가 익을 때까지 끓인다.,두부를 적당한 크기로 썰어 넣고 한소끔 더 끓인다.,마지막으로 대파를 넣고 불을 끄면 완성이다.,,
부대찌개,"한식, 국/찌개",40분,어려움,"다양한 재료가 어우러져 매콤하게 끓여낸 부대찌개, 캠핑 가서 먹으면 찐맛탱!","소시지(100g), 스팸(100g), 베이컨(50g), 김치(1컵), 두부(1/2모), 대파(1/2대), 양파(1/2개), 라면사리(1개, 선택), 떡국 떡(1/2컵, 선택), 물(3컵), 고춧가루(1큰술), 고추장(1큰술), 간장(1큰술), 다진 마늘(1큰술)","소시지, 스팸, 베이컨은 먹기 좋은 크기로 썰고, 두부, 양파, 대파도 썬다.","냄비에 김치, 소시지, 스팸, 베이컨, 두부, 양파를 고루 담는다.","고춧가루, 고추장, 간장, 다진 마늘을 넣고 물을 부어 중불에서 끓인다.",끓기 시작하면 라면사리와 떡국 떡을 넣고 약 5분간 더 끓인다.,"마지막으로 대파를 넣고, 한 번 더 끓여 완성한다.",,
라볶이,"분식, 간편식",20분,중간,"매콤달콤한 떡에 라면까지 더한 라볶이, 심심할 때 딱이죠!","라면(1개), 떡볶이 떡(1컵), 어묵(1장), 물(2컵), 고추장(2큰술), 고춧가루(1큰술), 간장(1큰술), 설탕(1큰술), 다진 마늘(1작은술), 대파(약간), 삶은 달걀(선택)","냄비에 물을 넣고 고추장, 고춧가루, 간장, 설탕, 다진 마늘을 넣어 양념을 만든다.",물이 끓으면 떡볶이 떡과 어묵을 넣고 끓인다.,떡이 부드러워지면 라면을 넣고 끓인다.,라면이 익으면 대파를 넣고 한 번 더 끓인다.,기호에 따라 삶은 달걀을 추가해 완성한다.,,
떡볶이,"분식, 간편식",20분,쉬움,"누구나 쉽게 만들 수 있는 매콤달콤 떡볶이, 집에서 간편하게 즐겨봐요!","떡볶이 떡(2컵), 어묵(2장), 물(2컵), 고추장(2큰술), 고춧가루(1큰술), 설탕(1큰술), 간장(1큰술), 다진 마늘(1작은술), 대파(약간), 삶은 달걀(선택)","냄비에 물, 고추장, 고춧가루, 설탕, 간장, 다진 마늘을 넣고 양념을 만든다.",물이 끓으면 떡과 어묵을 넣고 끓인다.,떡이 부드러워질 때까지 중불에서 저어가며 끓인다.,마지막으로 대파를 넣고 한 번 더 끓인다.,기호에 따라 삶은 달걀을 추가한다.,,
소시지 야채 볶음,"한식, 반찬",15분,쉬움,"소시지와 채소를 간단하게 볶아 만든 반찬, 저녁에 후딱 만들기 좋아요.","소시지(200g), 양파(1/2개), 당근(1/4개), 파프리카(1/4개, 선택), 식용유(약간), 케첩(2큰술), 간장(1큰술), 설탕(1/2큰술), 다진 마늘(1작은술), 후춧가루(약간), 깨소금(약간)","소시지에 칼집을 넣고, 양파, 당근, 파프리카를 썬다.",팬에 식용유를 두르고 다진 마늘을 볶다가 소시지를 굽는다.,소시지가 익으면 채소를 넣고 함께 볶는다.,"케첩, 간장, 설탕을 넣고 고루 섞어 볶는다.",후춧가루와 깨소금을 뿌려 마무리한다.,,
카레라이스,"한식, 밥류",30분,쉬움,"즉석 카레로 10분 만에 완성하는 한 그릇, 간편하지만 맛은 확실해요!","즉석 카레 가루(1봉지), 감자(1개), 당근(1/2개), 양파(1개), 돼지고기나 소고기(100g, 선택), 물(2컵), 밥(1공기)","감자, 당근, 양파, 고기를 깍둑썰기 한다.",팬에 기름을 두르고 고기와 채소를 볶는다.,물을 붓고 채소가 익을 때까지 끓인다.,카레 가루를 넣고 약불에서 5분 더 끓인다.,밥 위에 카레를 얹어 완성한다.,,
돼지고기 김치찜,"한식, 메인 요리",60분,어려움,"푹 끓여서 부드러운 돼지고기와 매콤한 김치가 환상의 조합을 자랑하는 김치찜, 집밥이 생각날 때 딱!","돼지고기 앞다리살(300g), 김치(1/2포기), 양파(1/2개), 대파(1대), 고춧가루(1큰술), 고추장(1큰술), 간장(1큰술), 다진 마늘(1큰술), 설탕(1작은술), 물(2컵)",김치와 돼지고기를 먹기 좋은 크기로 썬다.,"냄비에 김치, 돼지고기, 양파, 대파를 넣는다.","고춧가루, 고추장, 간장, 다진 마늘, 설탕을 넣고 물을 부어 끓인다.",약불로 줄여 40분에서 1시간 끓인다.,돼지고기가 부드럽게 익으면 완성한다.,,
스팸 김치찌개,"한식, 국/찌개",40분,중간,"스팸과 김치의 최강 콤비가 선사하는 진한 맛의 김치찌개, 먹고 나면 속이 확 풀려요!","스팸(1캔), 신 김치(2컵), 김치 국물(1/2컵), 양파(1/2개), 대파(1대), 두부(1/2모, 선택), 고춧가루(1큰술), 고추장(1큰술), 다진 마늘(1큰술), 간장(1큰술), 물(3컵)",스팸을 한입 크기로 썬다. 김치와 채소를 준비한다.,"냄비에 김치, 스팸, 양념을 넣고 물을 부어 끓인다.","양파, 대파, 김치 국물을 넣고 끓인다.",두부를 넣고 약불에서 끓인다.,모든 재료가 익으면 완성한다.,,
닭볶음탕,"한식, 메인 요리",60분,어려움,"매콤한 닭고기와 감자의 조합이 일품인 닭볶음탕, 한 그릇이면 하루 피로 끝!","닭(1마리, 약 1kg), 감자(2개), 당근(1/2개), 양파(1개), 대파(1대), 물(3컵), 고춧가루(2큰술), 고추장(1큰술), 간장(3큰술), 설탕(1큰술), 다진 마늘(1큰술), 후춧가루(약간)","닭은 씻고 먹기 좋은 크기로 자른다. 감자, 당근, 양파를 큼직하게 썬다.",냄비에 닭과 물 3컵을 넣고 끓인다.,"고춧가루, 고추장, 간장, 설탕, 다진 마늘을 넣고 끓인다.","물이 끓으면 감자, 당근, 양파를 넣고 중불에서 끓인다.",감자가 익으면 대파와 후춧가루를 넣고 한 번 더 끓인다.,,
고추장찌개,"한식, 국/찌개",40분,중간,"고추장을 팍팍 넣어 얼큰하게 끓여낸 찌개, 집에서 느끼는 스트릿 푸드 느낌!","돼지고기(200g), 감자(1개), 애호박(1/2개), 양파(1/2개), 대파(1대), 고추장(2큰술), 고춧가루(1큰술), 간장(1큰술), 다진 마늘(1큰술), 물(3컵), 두부(1/2모, 선택)","돼지고기, 감자, 애호박, 양파, 대파를 먹기 좋은 크기로 썬다.","냄비에 돼지고기를 볶다가 고추장, 고춧가루, 다진 마늘을 넣고 볶는다.","물 3컵을 붓고 감자, 애호박을 넣고 끓인다.","물이 끓으면 양파, 대파를 넣고 간장으로 간을 맞춘다.",두부를 넣고 감자가 익을 때까지 끓인다.,,
어묵볶음,"한식, 반찬",15분,쉬움,"매콤하게 볶아낸 어묵, 반찬 고민 필요 없어요. 이거면 충분해요!","어묵(200g), 양파(1/2개), 당근(1/4개), 대파(1대), 간장(1큰술), 고추장(1/2큰술, 선택), 설탕(1/2큰술), 다진 마늘(1작은술), 참기름(1작은술), 깨소금(약간), 식용유(약간)","어묵을 먹기 좋은 크기로 자르고, 양파, 당근, 대파는 채썬다.",팬에 식용유를 두르고 다진 마늘을 볶는다.,"양파, 당근, 대파를 넣고 볶는다.","어묵을 넣고 간장, 고추장, 설탕을 넣고 볶는다.",참기름을 넣고 한 번 더 볶은 후 깨소금을 뿌려 마무리한다.,,
깻잎무침,"한식, 반찬",10분,쉬움,"향긋한 깻잎과 간단한 양념으로 만든 반찬, 요즘 트렌디한 깻잎러버들에게 딱!","깻잎(20장), 간장(2큰술), 고춧가루(1큰술), 다진 마늘(1작은술), 설탕(1/2작은술), 참기름(1큰술), 깨소금(약간), 다진 파(1큰술, 선택)",깻잎을 깨끗이 씻어 물기를 뺀다.,볼에 양념 재료를 넣고 양념장을 만든다.,깻잎에 양념장을 넣고 조물조물 무친다.,양념이 잘 배도록 하루 정도 숙성하면 더욱 맛있다.,,,
돼지불고기,"한식, 메인 요리",30분,중간,"달달하고 짭짤한 돼지불고기, 고기 러버라면 무조건 만족!","돼지고기 후지 슬라이스(150g), 물(1/4컵, 60ml), 배즙(2큰술), 대파(1/4대), 진간장(1큰술), 맛술(1큰술), 설탕(1작은술), 다진 마늘(1작은술), 참기름(1작은술), 노두유(1/2작은술, 선택), 간 생강(약간), 후추(약간)",대파를 송송 썰고 돼지고기의 핏물을 제거한다.,"돼지고기에 대파, 간 마늘, 설탕을 넣고 섞는다.","맛술, 배즙, 간 생강을 넣고 고루 섞어 단맛이 배도록 한다.",진간장을 넣고 다시 버무린다. (노두유 선택),참기름과 후추를 넣고 고기를 재운다.,달군 프라이팬에 양념한 돼지고기를 넣고 볶는다.,물을 넣고 강불에서 졸여 물기가 없어질 때까지 볶는다.
햄감자채볶음,"한식, 반찬",20분,쉬움,"햄과 감자가 어우러진 감자채볶음, 간단하지만 든든한 자취생 필수 메뉴!","감자(2개), 햄(100g), 양파(1/2개), 식용유(2큰술), 소금(약간), 후추(약간), 대파(선택)",감자를 채썰어 전분을 제거한 후 물기를 뺀다.,햄과 양파는 얇게 채썬다.,팬에 식용유를 두르고 감자를 볶는다.,감자가 반쯤 익으면 햄과 양파를 넣고 볶는다.,소금과 후추로 간을 맞추고 대파를 넣고 한 번 더 볶는다.,,
소고기 미역국,"한식, 국/찌개",40분,중간,"미역과 소고기로 만든 깔끔한 미역국, 속도 편안하고 영양도 챙길 수 있어요.","불린 미역(1컵), 소고기(국거리, 150g), 참기름(1큰술), 국간장(2큰술), 다진 마늘(1큰술), 물(6컵), 소금(약간, 기호에 따라)",미역을 불려 물기를 제거하고 먹기 좋은 크기로 자른다.,소고기를 적당한 크기로 썰어 준비한다.,냄비에 참기름을 두르고 소고기를 볶는다. 고기가 반쯤 익으면 국간장을 넣고 계속 볶는다.,불린 미역을 넣고 함께 볶다가 물을 붓고 센 불에서 끓인다.,물이 끓으면 중불로 줄이고 다진 마늘을 넣고 20분간 끓인다.,마지막으로 소금으로 간을 맞추고 한 번 더 끓여 완성한다.,
매운 돼지갈비찜,"한식, 메인 요리",90분,어려움,"매콤하면서도 부드러운 돼지갈비찜, 특별한 날을 위한 히든카드 메뉴예요.","돼지갈비(1kg), 감자(2개), 당근(1개), 양파(1개), 대파(1대), 물(4컵), 고춧가루(3큰술), 고추장(2큰술), 간장(5큰술), 설탕(2큰술), 다진 마늘(2큰술), 다진 생강(1작은술), 후추(약간), 올리고당(1큰술, 선택), 참기름(1큰술)",돼지갈비를 찬물에 담가 핏물을 뺀다.,끓는 물에 돼지갈비를 데친 후 물기를 뺀다.,"감자, 당근, 양파를 먹기 좋은 크기로 썬다.",양념장을 만들어 돼지갈비와 함께 버무려 양념이 배도록 한다.,냄비에 양념한 돼지갈비와 물을 넣고 끓인다.,물이 끓으면 감자와 당근을 넣고 30~40분간 끓인다.,"양파와 대파를 넣고 5분 더 끓이고, 참기름을 넣어 마무리 한다."
비빔밥,"한식, 밥류",20분,중간,"나물과 고소한 참기름으로 한 그릇 뚝딱! 건강한 비빔밥, 다이어트도 문제없죠!","밥(1공기), 나물(시금치, 고사리, 콩나물 등), 고추장(1큰술), 참기름(1작은술), 계란(1개), 김가루(약간), 다진 소고기(50g, 선택), 다진 마늘(1작은술), 간장(1작은술)",나물을 데쳐서 참기름과 소금을 넣고 무친다.,소고기를 간장과 다진 마늘로 양념해 볶는다.,밥에 나물과 소고기를 얹고 계란 프라이를 올린다.,고추장과 참기름을 넣고 김가루를 뿌린 후 비벼 먹는다.,,,
양배추쌈밥,"한식, 밥류",15분,쉬움,"상큼한 양배추 쌈밥, 깔끔하고 건강하게 한 끼 해결할 수 있어요.","양배추(1/4통), 밥(1공기), 쌈장(2큰술), 참기름(1작은술), 깨(약간)",양배추를 자르고 찜기에 넣어 찐다.,밥에 참기름과 깨를 섞는다.,찐 양배추에 밥을 올리고 쌈을 싸듯이 말아 쌈장과 함께 먹는다.,,,,
된장찌개,"한식, 국/찌개",25분,쉬움,"구수한 된장찌개, 언제 먹어도 포근한 집밥 느낌이에요.","된장(2큰술), 두부(1/2모), 애호박(1/4개), 감자(1/2개), 양파(1/4개), 대파(약간), 고춧가루(1작은술), 물(2컵), 다진 마늘(1작은술)",냄비에 물 2컵을 넣고 된장을 풀어 끓인다.,"애호박, 감자, 양파를 적당한 크기로 썰어 된장 국물에 넣고 끓인다.",다진 마늘과 고춧가루를 넣고 야채가 익을 때까지 끓인다.,두부를 적당한 크기로 썰어 넣고 한소끔 더 끓인다.,마지막으로 대파를 넣고 불을 끄면 완성이다.,,
차돌박이 된장찌개,"한식, 국/찌개",30분,중간,"차돌박이가 들어가 고소함이 두 배! 차돌 된장찌개, 국물의 끝판왕.","된장(3큰술), 쌈장(1큰술), 차돌박이(200g), 감자(1개), 애호박(1/3개), 양파(1개), 대파(1대), 두부(1/2모), 청양고추(3개), 다진 마늘(1큰술), 소금(1/5큰술), 식초(1/2큰술), 물(1L)","감자, 양파, 애호박을 썰고, 대파와 청양고추를 송송 썬다.","물에 된장, 쌈장, 야채를 넣고 끓인다.",물이 끓으면 식초를 넣고 10분간 더 끓인다.,"차돌박이, 두부, 청양고추를 넣고 강불에서 끓인 후 중불로 줄인다.",모든 재료가 익으면 완성한다.,,
김치찌개,"한식, 국/찌개",35분,중간,"매콤하고 진한 김치찌개, 스트레스 날려버리는 얼큰한 한 그릇!","찌개용 돼지고기(300400g), 자른 김치(56스푼), 된장(1스푼), 고추장(1스푼), 진간장(2스푼), 다진 마늘(1스푼), 양파(1/2개), 대파(1대), 물(3컵), 두부(기호에 따라), 소금(약간)","냄비에 돼지고기와 김치, 된장, 고추장, 간장을 넣고 볶는다.","마늘, 양파, 대파를 넣고 더 볶는다.",물을 붓고 끓인다.,두부를 넣고 한소끔 더 끓인 후 소금으로 간을 맞춘다.,,,
뚝배기 계란찜,"한식, 반찬",15분,쉬움,"부드럽고 고소한 뚝배기 계란찜, 계란러버라면 무조건 좋아할 맛!","달걀(3개), 새우젓(1/2큰술), 설탕(1/2작은술), 물(1/6컵), 참기름(1/2큰술), 참깨(1/2작은술), 대파(20g)","대파는 송송 썰고, 새우젓은 다진다.","달걀과 새우젓, 설탕을 섞고 물을 넣어 저어준다.",뚝배기에 달걀물을 붓고 중약불에서 가열한다.,,,,
간장계란밥,"한식, 밥류",5분,쉬움,간단하지만 제대로! 간장계란밥으로 빠르고 맛있게 한 끼 해결.,"밥(1공기), 달걀(1개), 간장(1큰술), 참기름(1작은술), 김가루(약간), 깨(약간), 버터(선택, 약간)",밥을 그릇에 담아 준비한다.,팬에 달걀을 반숙으로 프라이한다.,밥 위에 간장과 참기름을 뿌려 섞어준다.,"프라이한 달걀을 올리고, 기호에 따라 김가루와 깨, 버터를 추가해 먹는다.",,,
참치김치덮밥,"한식, 밥류",10분,쉬움,"참치와 김치로 완성하는 초간단 덮밥, 시간이 없다면 이게 답이에요!","참치캔(100g), 김치(1/2컵), 밥(1공기), 대파(약간), 고추장(1큰술), 간장(1작은술), 설탕(1작은술), 참기름(1작은술), 식용유(약간), 김가루(기호에 따라)",김치는 잘게 썰고 참치는 기름을 제거한다.,팬에 식용유를 두르고 대파를 볶는다.,"김치와 고추장, 간장, 설탕을 넣고 볶는다.",참치를 넣고 더 볶아준 뒤 밥 위에 올린다.,참기름과 김가루를 뿌려 마무리한다.,,
참치김치찌개,"한식, 국/찌개",25분,중간,"참치와 김치로 빠르게 끓여낸 김치찌개, 깊고 진한 맛이 매력적이에요.","참치캔(150g), 신 김치(1컵), 김치 국물(1/2컵), 두부(1/2모), 대파(1/2대), 고춧가루(1큰술), 다진 마늘(1큰술), 간장(1큰술), 설탕(1작은술), 물(3컵), 식용유(약간)","김치와 두부, 대파를 먹기 좋은 크기로 자른다.",냄비에 식용유를 두르고 김치를 볶는다.,"고춧가루, 마늘, 간장, 설탕을 넣고 함께 볶는다.",물과 김치 국물을 넣고 끓인다.,참치와 두부를 넣고 끓이다가 대파를 넣어 마무리한다.,,
오이무침,"한식, 반찬",10분,쉬움,"상큼한 오이로 간단하게 만든 오이무침, 여름철 입맛 살리기에 딱이에요!","오이(1개), 고춧가루(1큰술), 간장(1큰술), 설탕(1/2큰술), 식초(1큰술), 다진 마늘(1작은술), 참기름(1작은술), 깨소금(약간)",오이를 얇게 썬다.,"볼에 고춧가루, 간장, 설탕, 식초, 마늘, 참기름을 섞어 양념장을 만든다.",오이에 양념을 넣고 버무린다.,깨소금을 뿌려 마무리한다.,,,
참치 마요 덮밥,"한식, 밥류",5분,쉬움,"참치와 마요네즈로 만드는 간편 덮밥, 한 그릇에 고소함이 가득!","참치캔(1개), 마요네즈(2큰술), 간장(1큰술), 밥(1공기)",참치캔의 기름을 뺀다.,참치에 마요네즈와 간장을 섞는다.,밥 위에 참치마요를 얹고 김가루나 깨를 기호에 따라 뿌린다.,,,,
비빔국수,"한식, 면류",15분,쉬움,"새콤달콤한 양념장에 비벼낸 비빔국수, 시원하고 깔끔한 맛이 일품이에요.","국수(1인분), 고추장(1큰술), 간장(1/2큰술), 설탕(1큰술), 식초(1큰술), 참기름(1/2큰술), 다진 마늘(1/2작은술), 깨소금(약간), 삶은 달걀(선택)",국수를 삶아 찬물에 헹군 뒤 물기를 뺀다.,"고추장, 간장, 설탕, 식초, 참기름, 마늘을 섞어 양념장을 만든다.",국수에 양념장을 넣고 버무린다.,깨소금을 뿌리고 삶은 달걀을 곁들여 마무리한다.,,,
제육볶음,"한식, 메인 요리",20분,중간,"매콤달콤하게 볶아낸 제육볶음, 누구나 반할 맛이에요. 밥이 술술 넘어가요!","돼지고기 앞다리살(300g), 양파(1/2개), 대파(1대), 고추장(2큰술), 고춧가루(1큰술), 간장(1큰술), 설탕(1큰술), 다진 마늘(1큰술), 참기름(1큰술), 식용유(약간), 깨소금(약간)","돼지고기와 양파, 대파를 썬다.","고추장, 고춧가루, 간장, 설탕, 마늘, 참기름을 섞어 양념장을 만든다.",돼지고기를 양념장에 재운다.,팬에 식용유를 두르고 돼지고기와 양파를 볶는다.,대파를 넣고 한 번 더 볶아 깨소금을 뿌려 마무리한다.,,
토마토 파스타,"양식, 면류",20분,쉬움,"토마토소스와 파스타면으로 뚝딱 완성하는 파스타, 누구나 좋아할 맛이에요!","스파게티 면(1인분), 토마토소스(1컵), 양파(1/2개), 다진 마늘(1큰술), 올리브유(2큰술), 파마산 치즈(약간, 선택), 소금(약간), 후추(약간), 바질(선택)",스파게티 면을 소금물에 삶아 물기를 뺀다.,팬에 올리브유를 두르고 다진 마늘과 양파를 볶는다.,양파가 투명해지면 토마토소스를 넣고 5분간 끓인다.,삶은 스파게티 면을 소스에 넣고 잘 섞는다.,"소금과 후추로 간을 맞추고, 기호에 따라 파마산 치즈나 바질을 얹어 마무리한다.",,
스팸 덮밥,"한식, 밥류",10분,쉬움,"스팸과 밥으로 간편하게 만드는 덮밥, 배고플 때 딱!","스팸(100g), 밥(1공기), 간장(1큰술), 설탕(1/2큰술), 참기름(1작은술), 달걀(1개), 김가루(약간), 대파(약간)",스팸을 작게 썰어 팬에 노릇하게 굽는다.,"간장, 설탕, 참기름을 섞어 양념장을 만든다.",구운 스팸에 양념장을 넣고 볶는다.,밥 위에 구운 스팸을 올리고 달걀 프라이를 얹는다.,김가루와 대파를 뿌려 마무리한다.,,
치즈 계란말이,"한식, 반찬",15분,쉬움,"치즈 듬뿍 넣어 고소한 계란말이, 맛은 물론, 비주얼까지 완벽해요!","달걀(3개), 슬라이스 치즈(2장), 대파(약간, 선택), 소금(약간), 식용유(약간)",달걀을 풀고 소금과 대파를 넣어 섞는다.,팬에 식용유를 두르고 달걀물을 얇게 부어 익힌다.,달걀이 반쯤 익으면 치즈를 올리고 계란을 말아준다.,남은 달걀물을 추가로 부어가며 말기를 반복한다.,완성된 계란말이를 썰어 접시에 담는다.,,
고추참치 볶음밥,"한식, 밥류",10분,쉬움,"매콤한 고추참치로 만든 간단한 볶음밥, 입맛 없을 때 먹으면 최고!","고추참치(1캔), 밥(1공기), 양파(1/4개), 대파(약간), 식용유(1큰술), 간장(1작은술), 참기름(1작은술), 깨소금(약간)",팬에 식용유를 두르고 대파와 양파를 볶는다.,양파가 투명해지면 고추참치를 넣고 볶는다.,밥을 넣고 간장으로 간을 맞추며 볶는다.,참기름을 넣고 섞은 후 접시에 담아 깨소금을 뿌려 마무리한다.,,,
닭가슴살 샐러드,"한식, 샐러드",15분,쉬움,"닭가슴살과 신선한 야채로 만든 건강한 샐러드, 다이어트에도 딱 맞아요!","닭가슴살(100g, 구운 또는 삶은), 양상추(한 줌), 방울토마토(5~6개), 오이(1/2개), 파프리카(1/4개), 드레싱(올리브유 1큰술, 발사믹 식초 1큰술, 소금 약간, 후추 약간)",닭가슴살을 구워서 또는 삶아 먹기 좋은 크기로 자른다.,"양상추는 한입 크기로 찢고, 방울토마토는 반으로 자른다. 오이와 파프리카는 얇게 썬다.",큰 접시에 야채와 닭가슴살을 골고루 담는다.,"드레싱 재료(올리브유, 발사믹 식초, 소금, 후추)를 섞어 샐러드 위에 뿌린다.",잘 섞어 맛있게 즐긴다.,,
새우 볶음밥,"한식, 밥류",15분,쉬움,"냉동 새우와 밥을 이용해 빠르게 만드는 새우 볶음밥, 쉽고 맛있어요!","냉동 새우(1컵), 밥(1공기), 양파(1/4개), 당근(1/4개), 대파(약간), 식용유(2큰술), 간장(1큰술), 소금, 후추(약간), 참기름(1작은술), 깨소금(약간)","냉동 새우는 해동 후 물기를 제거하고, 양파, 당근, 대파를 잘게 썬다.",팬에 식용유를 두르고 대파를 볶아 향을 낸다.,해동한 새우를 넣고 익을 때까지 볶는다.,"양파와 당근을 넣고 함께 볶다가, 밥을 넣어 잘 섞으며 볶는다.","간장, 소금, 후추로 간을 맞추고, 참기름을 넣어 한 번 더 볶는다.",접시에 담고 깨소금을 뿌려 마무리한다.,
계란 토스트,"양식, 간편식",10분,쉬움,"빠르고 간편하게 만들 수 있는 아침 메뉴, 하루의 시작을 든든하게!","토스트 빵(2장), 달걀(1개), 버터 또는 식용유(약간), 소금, 후추(약간), 케첩 또는 마요네즈(선택)","팬에 버터 또는 식용유를 두르고 달걀을 프라이로 익힌다. 소금, 후추로 간한다.","달걀이 익는 동안, 토스트 빵을 토스터기나 팬에서 살짝 굽는다.",구운 빵 위에 달걀프라이를 올리고 기호에 따라 케첩이나 마요네즈를 뿌린다.,빵 두 장을 겹쳐 완성한다.,,,
오므라이스,"한식, 밥류",20분,중간,"남은 밥으로 부드럽게 만드는 오므라이스, 간단하면서도 고급스러운 한 그릇.","남은 밥(1공기), 달걀(2개), 양파(1/4개), 당근(약간), 햄 또는 닭가슴살(약간), 케첩(2큰술), 소금, 후추(약간), 식용유(약간), 버터(선택, 약간)","팬에 식용유를 두르고 다진 양파, 당근, 햄을 넣고 볶는다.","채소가 익으면 남은 밥을 넣고, 케첩, 소금, 후추로 간을 맞추며 볶는다.",밥이 골고루 볶아지면 그릇에 담아둔다.,달걀을 풀고 소금 약간을 넣어 섞는다.,팬에 식용유나 버터를 두르고 달걀물을 부어 약불에서 익힌다.,반쯤 익었을 때 볶음밥을 올리고 달걀로 덮어 모양을 잡는다.,접시에 담고 기호에 따라 케첩을 뿌려 마무리한다.
감자전,"한식, 반찬",20분,쉬움,"바삭한 감자전, 감자 하나로 완성하는 맛있는 간식!","감자(2~3개), 소금(약간), 식용유(적당량)",감자의 껍질을 벗기고 강판에 간다.,간 감자의 물기를 약간 빼고 전분을 가라앉힌 후 다시 섞는다.,감자에 소금을 넣고 잘 섞는다.,팬에 식용유를 두르고 중불에서 감자 반죽을 한 숟가락씩 넣고 부친다.,앞뒤로 노릇하게 익히고 바삭해지면 접시에 담는다.,,
감자튀김,"양식, 간편식",25분,쉬움,"집에서 쉽게 만드는 바삭한 감자튀김, 간식으로 최고예요!","감자(2~3개), 식용유(적당량), 소금(약간)",감자의 껍질을 벗기고 길쭉하게 썬다.,찬물에 감자를 담가 전분을 제거한 후 물기를 완전히 제거한다.,냄비나 프라이팬에 식용유를 충분히 붓고 170°C로 예열한다.,감자를 넣고 노릇하게 익을 때까지 5~7분 정도 튀긴다.,"튀긴 감자를 키친타월에 올려 기름을 빼고, 소금을 약간 뿌려 마무리한다.",,
계란 샌드위치,"양식, 간편식",10분,쉬움,"부드러운 계란 샐러드를 넣은 든든한 샌드위치, 간단하게 아침 해결 가능!","식빵(2장), 달걀(2개), 마요네즈(2큰술), 소금(약간), 후추(약간), 양상추(한 줌, 선택), 토마토(슬라이스, 선택)",달걀을 삶아 찬물에 식힌 후 껍질을 벗기고 잘게 썬다.,"삶은 달걀에 마요네즈, 소금, 후추를 넣고 섞어 계란 샐러드를 만든다.",식빵 한 쪽에 양상추와 계란 샐러드를 올린다.,"토마토 슬라이스를 추가하고, 다른 식빵으로 덮는다.",필요에 따라 반으로 잘라 서빙한다.,,
돈부리,"일식, 밥류",20분,중간,"얇게 썬 돼지고기와 달걀로 만든 일본식 덮밥, 부드럽고 든든한 한 끼!","돼지고기(150g), 양파(1/2개), 달걀(2개), 간장(2큰술), 미림(1큰술), 설탕(1큰술), 물(1컵), 대파(약간, 선택), 밥(1공기)","팬에 물, 간장, 미림, 설탕, 썬 양파를 넣고 끓인다.",양파가 익으면 얇게 썬 돼지고기를 넣고 익힌다.,고기가 익으면 달걀을 풀어 팬에 붓고 뚜껑을 덮어 중불에서 익힌다.,달걀이 살짝 익으면 밥 위에 고기와 달걀을 얹는다.,기호에 따라 대파를 뿌려 서빙한다.,,
볶음밥,"한식, 밥류",15분,쉬움,"남은 밥으로 간편하게 만드는 영양 가득한 볶음밥, 한 그릇이면 든든해요.","밥(1공기), 냉동야채(1컵), 계란(1개), 대파(약간), 간장(1큰술), 후춧가루(약간), 식용유(2큰술), 소금(약간)",팬에 식용유를 두르고 대파를 넣어 볶아 향을 낸다.,"냉동야채를 넣고 볶다가, 야채가 익으면 계란을 넣고 스크램블한다.",밥을 넣고 잘 섞어가며 볶는다.,간장과 후춧가루로 간을 맞추고 볶아준다.,모든 재료가 섞이면 소금을 추가하여 마무리한다.,,
햄감자볶음,"한식, 반찬",20분,쉬움,"햄과 감자로 만드는 초간단 감자볶음, 자취생 필수 레시피!","햄(100g), 감자(2개), 양파(1/2개), 대파(1대), 식용유(2큰술), 간장(1큰술), 후춧가루(약간), 소금(약간)",팬에 식용유를 두르고 감자를 넣어 중불에서 5분간 볶는다.,감자가 반쯤 익으면 햄과 양파를 넣고 볶는다.,햄과 양파가 익으면 대파를 넣고 간장으로 간을 맞춘다.,후춧가루와 소금을 넣고 잘 섞어 볶는다.,모든 재료가 익으면 접시에 담아 마무리한다.,,
진미채볶음,"한식, 반찬",10분,쉬움,"매콤달콤한 진미채로 완성한 반찬, 밥도둑으로 딱이에요.","진미채(100g), 양파(1/2개), 대파(1대), 고추(1개), 다진 마늘(1작은술), 간장(1큰술), 고춧가루(1/2큰술), 설탕(1작은술), 식용유(2큰술), 참기름(1작은술), 깨소금(약간)",팬에 식용유를 두르고 다진 마늘과 대파를 넣어 볶아 향을 낸다.,양파와 고추를 넣고 볶다가 진미채를 넣는다.,"간장, 고춧가루, 설탕을 넣고 잘 섞어가며 볶는다.",참기름을 넣고 한 번 더 볶아준다.,깨소금을 뿌려 마무리한다.,,
참치 마요 샌드위치,"양식, 간편식",10분,쉬움,"참치와 마요네즈로 완성한 간단 샌드위치, 바쁜 아침에도 완벽!","참치캔(1개), 마요네즈(2~3큰술), 양파(1/4개), 소금, 후추(약간), 식빵(2장), 상추 또는 다른 채소(선택)",참치캔의 기름을 빼고 그릇에 담는다.,"참치에 마요네즈, 잘게 썬 양파, 소금, 후추를 넣고 섞는다.",식빵 한쪽에 상추나 원하는 채소를 올린다.,그 위에 참치 마요 믹스를 올리고 다른 식빵으로 덮는다.,반으로 잘라 서빙한다.,,
감자조림,"한식, 반찬",25분,쉬움,"부드럽고 짭짤한 감자조림, 밥반찬으로 자주 찾게 돼요.","감자(2~3개), 간장(3큰술), 설탕(1큰술), 다진 마늘(1작은술), 물(1컵), 참기름(1큰술), 깨소금(약간), 대파(약간)",감자는 껍질을 벗기고 깍둑썬다.,"냄비에 감자, 간장, 설탕, 다진 마늘, 물을 넣고 끓인다.",물이 끓으면 약불로 줄이고 뚜껑을 덮어 감자가 익는다.,,,,
우동,"일식, 면류",20분,쉬움,"간장 육수에 야채 넣어 완성한 따뜻한 우동, 겨울에 꼭 먹어야 할 힐링 푸드.","우동면(1인분), 물(3컵), 간장(2큰술), 미림(1큰술, 선택), 다진 마늘(1작은술), 대파(1대), 버섯(100g), 시금치, 당근(기호에 따라), 조미료(선택)",냄비에 물을 넣고 끓인다.,물이 끓으면 우동면을 넣고 삶는다.,"육수에 간장, 미림, 다진 마늘을 넣어 끓인다.","대파, 버섯, 야채를 넣고 끓인다.",우동면에 육수를 부어 완성한다.,,
어묵탕,"한식, 찜/탕",20분,쉬움,"따뜻한 국물에 어묵을 넣어 끓인 어묵탕, 추운 날씨에 최고예요!","어묵(200g), 물(4컵), 대파(1대), 양파(1/2개), 무(50g, 선택), 다진 마늘(1작은술), 간장(1큰술), 소금(약간), 후추(약간)",냄비에 물을 붓고 끓인다.,무와 양파를 넣고 끓인다.,어묵과 대파를 추가한다.,"간장과 다진 마늘을 넣고 소금, 후추로 간을 맞춘다.",모든 재료가 익으면 그릇에 담아 완성한다.,,
소떡소떡,"간식/디저트, 간편식",15분,쉬움,"떡과 소시지를 꽂아 구운 간식, 한번 맛보면 멈출 수 없는 중독성!","소시지(200g), 떡(200g), 식용유(적당량), 소금, 후춧가루(약간), 양념 소스(고추장, 케첩, 마요네즈 등)",소시지와 떡을 꼬치에 꽂는다.,팬에 식용유를 두르고 굽는다.,"소금, 후춧가루로 간을 맞춘다.",양념 소스를 뿌려 완성한다.,,,
멸치국수,"한식, 면류",20분,쉬움,"멸치 육수로 만든 깔끔한 국수, 시원하고 담백한 한 그릇이에요.","국수 면(1인분), 멸치(1015마리), 물(23컵), 대파(1대), 간장(1큰술), 소금(약간)",물과 멸치를 넣고 끓여 육수를 만든다.,"멸치를 건져내고 대파, 간장을 넣어 간을 맞춘다.",국수 면을 삶아 찬물에 헹군다.,국수에 육수를 부어 완성한다.,,,
김밥,"한식, 간편식",25분,중간,"다양한 재료를 김에 돌돌 말아 완성한 간편 요리, 혼밥러에게도 딱!","김(1장), 밥(1공기), 단무지(1줄), 오이(1/2개), 계란(1개), 맛살(또는 햄, 1줄), 소금(약간), 참기름(1작은술), 깨소금(약간)","밥에 소금, 참기름, 깨소금을 넣어 밑간한다.","오이와 단무지를 길게 썰고, 계란 지단과 맛살을 준비한다.",김에 밥을 얇게 펴고 재료를 올린다.,김밥을 단단히 말아 썬다.,,,
치즈라면볶음밥,"한식, 밥류",15분,중간,"라면과 밥을 함께 볶아 치즈를 얹은 별미 볶음밥, 색다른 맛을 즐겨보세요!","라면(1개), 라면 스프(1/2봉지), 밥(1공기), 대파(약간), 달걀(1개), 슬라이스 치즈(1장), 식용유(2큰술), 소금, 후추(약간)",라면을 부숴 끓는 물에 살짝 삶고 물기를 뺀다.,팬에 식용유를 두르고 대파를 볶아 향을 낸다.,"달걀을 스크램블하여 볶고, 밥과 삶은 라면을 넣어 볶는다.",라면 스프를 넣고 간을 맞춘다.,슬라이스 치즈를 얹어 녹을 때까지 볶아 완성한다.,,
화채,"간식/디저트, 간편식",15분,쉬움,"시원한 과일과 사이다의 만남, 여름에 먹으면 꿀맛이에요!","수박(1/4개), 참외(1개, 선택), 사과(1개), 바나나(1개), 포도(한 줌), 설탕(2큰술), 사이다(500ml), 얼음(적당량)","수박, 참외, 사과, 바나나 등 준비한 과일을 한입 크기로 자른다.",과일에 설탕을 뿌려 살짝 섞는다.,잘라둔 과일에 사이다를 붓고 얼음을 넣는다.,냉장고에 잠시 넣었다가 시원하게 즐긴다.,,,
팥빙수,"간식/디저트, 간편식",20분,중간,"곱게 간 얼음에 달콤한 팥과 다양한 토핑을 더한 여름 디저트, 팥빙수는 언제나 옳아요!","얼음(적당량), 팥앙금(200g), 연유(2큰술), 떡(인절미 또는 떡국떡), 과일(바나나, 딸기, 키위 등), 시리얼(약간), 아이스크림(1스쿱, 선택)",얼음을 곱게 간다.,간 얼음을 그릇에 담는다.,"팥앙금을 얼음 위에 올리고, 연유를 뿌린다.","떡, 과일, 시리얼, 아이스크림 등을 얹어 토핑을 완성한다.",바로 서빙하여 시원하게 즐긴다.,,
크림 파스타,"양식, 면류",20분,중간,"부드러운 크림 소스와 베이컨의 조화로 완성한 파스타, 고소함이 가득!","파스타 면(1인분), 생크림(1컵), 베이컨(100g), 양파(1/4개, 선택), 다진 마늘(1큰술), 올리브유(2큰술), 파마산 치즈(약간), 소금, 후추(약간)","파스타 면을 끓는 소금물에 포장지에 적힌 시간대로 삶고, 물기를 뺀다.",팬에 올리브유를 두르고 베이컨을 노릇하게 볶다가 다진 마늘과 양파를 넣고 함께 볶는다.,베이컨과 양파가 익으면 생크림을 넣고 끓인다. 소금과 후추로 간을 맞춘다.,소스가 끓으면 삶은 파스타 면을 넣고 소스와 잘 섞이도록 중불에서 볶는다.,파마산 치즈를 뿌려 접시에 담아 완성한다.,,
알리오 올리오 파스타,"양식, 면류",15분,쉬움,"마늘과 올리브유로 만든 간단한 파스타, 집에서도 금방 만들 수 있어요.","파스타 면(1인분), 마늘(56쪽), 올리브유(3큰술), 페퍼론치노(23개, 선택), 파슬리(약간, 선택), 소금, 후추(약간)","파스타 면을 끓는 소금물에 포장지에 적힌 시간대로 삶고, 물기를 뺀다.",팬에 올리브유를 두르고 얇게 썬 마늘을 노릇하게 볶는다. 페퍼론치노를 넣고 함께 볶는다.,"삶아둔 파스타 면을 넣고 소금, 후추로 간을 맞추며 잘 섞는다.",담고 기호에 따라 파슬리와 올리브유를 추가해 완성한다.,,,
피자 토스트,"양식, 간편식",10분,쉬움,"간단한 재료로 오븐 없이 완성하는 피자 스타일 토스트, 아침 메뉴로 딱!","식빵(2장), 피자소스(또는 케첩 2큰술), 모짜렐라 치즈(1/2컵), 슬라이스 햄(1~2장), 양파(1/4개), 파프리카(약간), 옥수수콘(약간)",식빵에 피자소스 또는 케첩을 고루 바른다.,"햄, 양파, 파프리카, 옥수수콘을 올린다.",모짜렐라 치즈를 충분히 뿌린다.,에어프라이어나 오븐에서 180°C로 57분 정도 구워 치즈가 녹으면 완성한다.,,,
콘치즈,"한식, 반찬",10분,쉬움,"달콤한 옥수수에 마요네즈와 치즈가 더해진 인기 간식, 누구나 좋아해요!","옥수수콘(1컵), 마요네즈(2큰술), 설탕(1/2큰술), 모짜렐라 치즈(1/2컵), 버터(1큰술), 파슬리 가루(약간)",옥수수콘을 체에 밭쳐 물기를 뺀다.,팬에 버터를 녹이고 옥수수를 넣어 볶는다.,마요네즈와 설탕을 넣고 잘 섞으며 볶는다.,옥수수 위에 치즈를 올리고 뚜껑을 덮어 치즈가 녹을 때까지 기다린다.,파슬리 가루를 뿌려 완성한다.,,
파전,"한식, 반찬",15분,중간,"바삭하게 부쳐낸 대파전, 초간단 반찬으로 딱 좋죠!","부침가루(1컵), 물(3/4컵), 대파(3대), 고추(1~2개), 달걀(1개), 식용유(적당량), 소금(약간)","부침가루, 물, 소금을 섞어 반죽을 만든다.",대파와 고추를 썬다.,팬에 식용유를 두르고 중불에서 달군다.,팬에 반죽을 얇게 펴고 대파와 고추를 올린다. 달걀을 깨서 전 위에 고루 뿌린다.,양쪽 모두 노릇하게 익히고 완성한다.,,
호박전,"한식, 반찬",10분,쉬움,"얇게 썬 애호박을 부쳐낸 전, 담백하고 깔끔한 맛이 일품이에요.","애호박(1개), 부침가루(1/2컵), 달걀(1개), 소금(약간), 후추(약간), 식용유(적당량)",애호박을 동그랗게 썬다.,썬 호박에 소금을 뿌려둔다.,호박에 부침가루를 묻힌다.,달걀을 풀어 소금과 후추를 넣는다.,팬에 식용유를 두르고 부침가루를 입힌 호박을 계란물에 담가 노릇하게 부친다.,,
간장 떡볶이,"분식, 간편식",15분,쉬움,"매콤한 대신 달달한 간장으로 맛을 낸 떡볶이, 색다른 간식으로 딱이에요!","떡볶이 떡(200g), 어묵(100g, 선택), 대파(1대), 간장(3큰술), 설탕(1큰술), 다진 마늘(1작은술), 참기름(1작은술), 물(1컵), 통깨(약간), 식용유(약간)",떡볶이 떡을 찬물에 불려둔다.,"간장, 설탕, 다진 마늘, 물을 섞어 양념장을 만든다.",팬에 식용유를 두르고 어묵과 대파를 볶는다.,떡과 양념장을 넣고 끓인다.,떡이 양념을 흡수할 때까지 끓인다.,참기름을 넣고 섞은 후 통깨를 뿌려 마무리한다.,
프렌치토스트,"양식, 간편식",10분,쉬움,"부드러운 식빵을 계란물에 적셔 구운 달콤한 토스트, 간단하게 아침 해결!","식빵(2장), 달걀(1개), 우유(1/4컵), 설탕(1큰술), 버터(1큰술)",달걀을 풀고 우유와 설탕을 넣어 섞는다.,식빵을 계란물에 앞뒤로 빠르게 적신다.,팬에 버터를 녹이고 적신 식빵을 올려 노릇하게 굽는다.,양면이 노릇해질 때까지 구워 완성한다.,,,
멸치볶음,"한식, 반찬",10분,쉬움,"짭조름하고 달콤한 멸치볶음, 밥 위에 올려 먹으면 최고죠!","멸치(150g), 간장(1큰술), 설탕(1큰술), 올리고당(1큰술), 다진 마늘(1작은술), 식용유(2큰술), 통깨(약간)",팬에 멸치를 넣고 중불에서 바삭해질 때까지 34분간 볶은 후 꺼낸다.,"같은 팬에 식용유를 두르고 다진 마늘을 볶아 향을 낸다. 간장, 설탕, 올리고당을 넣어 양념장을 만든다.",볶은 멸치를 팬에 다시 넣고 양념장과 함께 볶는다.,불을 끄고 통깨를 뿌려 마무리한다.,,,
토마토 달걀 볶음,"중식, 반찬",10분,쉬움,"달걀과 토마토를 간단하게 볶아낸 부드러운 요리, 건강한 한 끼로 완벽해요!","토마토(2개), 달걀(2개), 대파(1대, 선택), 소금(약간), 후추(약간), 식용유(2큰술)",달걀을 소금 약간 넣어 잘 풀어둔다.,토마토는 큼직하게 썬다.,팬에 식용유를 두르고 달걀을 스크램블처럼 부드럽게 익힌 후 따로 덜어둔다.,같은 팬에 토마토를 넣고 23분간 부드럽게 볶는다.,달걀을 다시 넣고 토마토와 섞어가며 볶는다.,소금과 후추로 간을 맞추고 대파를 추가해 마무리한다.,
스팸 주먹밥,"퓨전, 간편식",15분,쉬움,"간단하게 뭉쳐 만든 스팸 주먹밥, 자취생을 위한 필수 메뉴예요!","스팸(1/2캔), 밥(2공기), 김(주먹밥용 또는 김가루), 소금(약간), 깨소금(약간), 간장(1/2큰술, 선택)",스팸을 얇게 썰어 노릇하게 구워준다. 기호에 따라 간장을 넣어 간을 더할 수 있다.,"따뜻한 밥에 참기름, 소금, 깨소금을 넣고 섞는다.",밥을 적당한 크기로 뭉쳐 스팸을 안에 넣고 주먹밥을 만든다.,주먹밥을 김으로 감싸거나 김가루를 뿌려 완성한다.,,,
버터 간장 계란밥,"한식, 간편식",5분,쉬움,"버터와 간장의 풍미가 어우러진 간단한 계란밥, 시간 없을 때 최고의 선택!","밥(1공기), 달걀(1개), 버터(1큰술), 간장(1큰술), 깨소금(약간), 김(선택)",밥을 그릇에 담는다.,팬에 버터를 녹이고 달걀을 반숙으로 프라이한다.,밥 위에 남은 버터와 간장을 뿌린다.,프라이한 달걀을 밥 위에 올린다.,"기호에 따라 깨소금, 김가루를 뿌려 마무리한다.",,
바지락 칼국수,"한식, 면류",20분,중간,"시원한 국물과 쫄깃한 면발이 매력적인 바지락 칼국수, 국물 맛이 일품이에요!","칼국수 면(200g), 바지락(200g), 물(5컵), 다진 마늘(1큰술), 국간장(1큰술), 대파(1대), 애호박(1/4개), 소금, 후추(약간), 참기름(1작은술, 선택)","물을 끓이고, 다진 마늘과 국간장을 넣는다.",해감한 바지락을 넣고 입이 벌어질 때까지 끓인다.,칼국수 면을 넣고 면이 익을 때까지 끓인다.,"애호박과 대파를 넣고 소금, 후추로 간을 맞춘다.",참기름을 넣어 마무리한다.,,
새우튀김,"분식, 튀김",15분,중간,"바삭한 새우튀김, 집에서도 간단하게 만들 수 있는 별미 요리.","새우(10마리), 튀김가루(1컵), 물(3/4컵), 소금, 후추(약간), 식용유(적당량)","새우의 껍질을 벗기고 내장을 제거한 후 소금, 후추로 간을 한다.",튀김가루와 물을 섞어 튀김 반죽을 만든다.,새우를 튀김 반죽에 묻힌다.,예열한 기름에 새우를 넣고 노릇하게 튀긴다.,기름을 뺀 후 접시에 담아 완성한다.,,
오징어튀김,"분식, 튀김",20분,중간,"바삭하고 고소한 오징어 튀김, 맥주와 함께하면 완벽한 안주예요!","오징어(1마리), 튀김가루(1컵), 물(3/4컵), 소금(약간), 후추(약간), 식용유(적당량)",오징어의 껍질을 벗기고 내장을 제거한 후 깨끗이 씻어 1cm 두께로 링 모양으로 자른다.,튀김가루와 물을 섞어 튀김 반죽을 만든다.,"오징어에 소금과 후추로 간을 한 후, 튀김 반죽에 골고루 묻힌다.",예열된 식용유에 오징어를 넣고 노릇하게 튀긴다.,기름을 뺀 후 접시에 담아 완성한다.,,
짜장떡볶이,"분식, 간편식",20분,중간,"짜장 소스와 떡의 부드러운 만남, 새로운 떡볶이의 세계로 초대합니다!","떡볶이 떡(200g), 짜장가루 또는 춘장(2큰술), 양파(1/2개), 대파(1대), 물(2컵), 식용유(1큰술), 설탕(1큰술, 선택)",팬에 식용유를 두르고 짜장가루(또는 춘장)를 약한 불에서 볶아 짜장의 향을 낸다.,"물을 넣고 끓으면 떡볶이 떡과 썬 양파, 대파를 넣는다.",떡이 부드럽게 익을 때까지 끓인다.,"기호에 따라 설탕을 넣고, 짜장이 잘 섞이도록 중불에서 졸여 완성한다.",,,
김치치즈볶음밥,"한식, 밥류",15분,쉬움,"매콤한 김치와 고소한 치즈가 어우러진 볶음밥, 풍부한 맛이 일품이에요.","밥(1공기), 김치(1/2컵, 잘게 썬 것), 슬라이스 치즈(1장), 대파(약간, 선택), 다진 마늘(1작은술, 선택), 간장(1큰술), 식용유(1큰술)",팬에 식용유를 두르고 다진 마늘과 대파를 살짝 볶아 향을 낸다.,잘게 썬 김치를 넣고 중불에서 볶는다.,밥을 넣고 간장을 뿌려 함께 볶는다.,슬라이스 치즈를 올리고 치즈가 녹을 때까지 볶아준다.,,,
떡국,"한식, 국/찌개",20분,중간,"전통 떡국, 설날에 빠질 수 없는 한국식 힐링 푸드!","떡국 떡(2컵), 소고기(100g, 국거리용), 대파(1대), 달걀(1개), 간장(1큰술), 참기름(1작은술), 물(5컵), 소금, 후추(약간), 김가루(선택), 깨소금(선택)",냄비에 참기름을 두르고 소고기를 볶다가 간장을 넣고 살짝 더 볶는다.,물을 붓고 끓기 시작하면 떡국 떡을 넣고 끓인다.,"달걀을 풀어서 국물 위에 뿌리고, 대파를 넣는다.",소금과 후추로 간을 맞추고 한 번 더 끓인다.,기호에 따라 김가루와 깨소금을 뿌려 완성한다.,,
떡만두국,"한식, 국/찌개",20분,중간,"떡과 만두가 어우러진 뜨끈한 국물 요리, 추운 겨울에 꼭 드셔보세요!","떡국 떡(1컵), 만두(5~6개), 물(4컵), 국간장(1큰술), 대파(1대), 달걀(1개), 소금, 후추(약간)",냄비에 물을 넣고 끓인다.,물을 끓으면 떡국 떡과 만두를 넣고 끓인다.,"떡과 만두가 익으면 국간장과 소금, 후추로 간을 맞춘다.","달걀을 풀어 넣고, 대파를 넣어 한 번 더 끓인다.",,,
떡라면,"한식, 면류",10분,쉬움,"라면과 떡의 환상 조합, 간단하지만 배부른 한 그릇!","라면(1개), 떡국 떡(1컵), 물(500ml), 달걀(1개, 선택), 대파(약간, 선택)",끓는 물에 라면 스프와 떡국 떡을 넣고 23분 끓인다.,라면 면을 넣고 익을 때까지 끓인다.,달걀을 풀어서 넣고 대파를 추가해 마무리한다.,,,,
인기가요 샌드위치,"양식, 간편식",15분,중간,"딸기잼과 감자샐러드가 어우러진 독특한 샌드위치, 색다른 맛을 즐겨보세요!","식빵(3장), 딸기잼(2큰술), 감자샐러드(감자 1개, 마요네즈 1큰술, 소금 약간), 양배추 샐러드(채 썬 양배추 1컵, 마요네즈 2큰술, 설탕 1작은술, 소금 약간)",감자를 삶아 으깬 후 마요네즈와 소금을 넣고 감자샐러드를 만든다.,"채 썬 양배추에 마요네즈, 설탕, 소금을 넣고 양배추 샐러드를 만든다.","식빵 한 쪽에 딸기잼을 바르고, 그 위에 감자샐러드를 얹는다.",감자샐러드 위에 두 번째 식빵을 덮는다.,"두 번째 식빵 위에 양배추 샐러드를 얹고, 세 번째 식빵을 덮는다.",샌드위치를 반으로 잘라 접시에 담아 완성한다.,
오징어볶음,"한식, 반찬",20분,중간,"매콤한 양념과 부드러운 오징어의 조화, 술안주로도 최고예요!","오징어(1마리), 양파(1/2개), 대파(1대), 당근(1/4개), 고추장(2큰술), 고춧가루(1큰술), 간장(1큰술), 설탕(1큰술), 다진 마늘(1큰술), 참기름(1큰술), 식용유(1큰술)",오징어를 깨끗이 손질한 후 링 모양으로 자른다.,"양파, 대파, 당근을 얇게 썬다.",팬에 식용유를 두르고 다진 마늘을 볶아 향을 낸다.,"오징어와 양파, 당근, 대파를 넣고 볶는다.","고추장, 고춧가루, 간장, 설탕을 넣고 양념이 잘 섞이도록 중불에서 볶는다.",마지막에 참기름을 넣고 한 번 더 볶아 완성한다.,
고등어조림,"한식, 반찬",30분,중간,"감자와 무, 고등어가 어우러진 깊은 맛의 조림, 밥 위에 올려 먹으면 꿀맛!","고등어(1마리), 감자(1개), 무(1/4개), 대파(1대), 고추장(2큰술), 간장(2큰술), 고춧가루(1큰술), 다진 마늘(1큰술), 설탕(1큰술), 물(2컵)","고등어는 손질해 토막 내고, 감자와 무는 두툼하게 썬다.","냄비에 물과 고추장, 간장, 고춧가루, 다진 마늘, 설탕을 넣고 끓인다.","물이 끓으면 감자, 무, 고등어를 넣고 중불에서 졸인다.",국물이 자작해질 때까지 끓여 조림이 완성되면 대파를 넣고 한 번 더 끓인다.,,,
고등어구이,"한식, 반찬",20분,쉬움,"고소하고 바삭한 고등어 구이, 집에서도 간단하게 한 끼 해결!","고등어(1마리), 소금(약간), 식용유(1큰술)",고등어를 손질해 소금을 약간 뿌려 10분 정도 재운다.,팬에 식용유를 두르고 중불에서 고등어를 노릇하게 굽는다.,양쪽이 바삭하게 익으면 접시에 담아 완성한다.,,,,
갈치구이,"한식, 반찬",15분,쉬움,"바삭하고 담백한 갈치구이, 겉은 바삭하고 속은 촉촉해요!","갈치(1마리), 소금(약간), 식용유(1큰술)",갈치를 손질해 소금을 뿌려 10분 정도 재운다.,팬에 식용유를 두르고 중불에서 갈치를 노릇하게 굽는다.,양쪽이 바삭하게 익으면 접시에 담아 완성한다.,,,,
갈치조림,"한식, 반찬",30분,중간,"무와 갈치가 어우러진 매콤한 조림 요리, 매콤하면서도 깔끔한 맛이 일품이에요.","갈치(1마리), 무(1/4개), 고추장(2큰술), 간장(2큰술), 고춧가루(1큰술), 다진 마늘(1큰술), 설탕(1큰술), 물(2컵), 대파(1대)","갈치는 손질해 토막 내고, 무는 두툼하게 썬다.","냄비에 물과 고추장, 간장, 고춧가루, 다진 마늘, 설탕을 넣고 끓인다.",무와 갈치를 넣고 중불에서 졸인다.,국물이 자작해질 때까지 끓인 후 대파를 넣어 마무리한다.,,,
콘샐러드,"양식, 샐러드",10분,쉬움,"옥수수와 마요네즈가 어우러진 달콤한 샐러드, 가볍게 즐기기 좋은 간식이에요!","옥수수콘(1컵, 캔 사용), 마요네즈(2큰술), 설탕(1작은술), 소금(약간), 후추(약간), 파프리카(선택)",옥수수콘의 물기를 빼고 큰 볼에 담는다.,"마요네즈, 설탕, 소금, 후추를 넣고 잘 섞는다.",기호에 따라 파프리카를 잘게 썰어 넣고 다시 섞는다.,냉장고에 잠시 보관 후 차게 해서 서빙한다.,,,
로제파스타,"양식, 면류",20분,중간,"크림과 토마토소스가 만나 완성된 로제파스타, 부드럽고 진한 맛이 매력적이에요!","파스타 면(1인분), 생크림(1/2컵), 토마토소스(1/2컵), 양파(1/4개), 다진 마늘(1큰술), 올리브유(2큰술), 파마산 치즈(약간), 소금, 후추(약간)",파스타 면을 끓는 소금물에 포장지에 적힌 시간대로 삶고 물기를 뺀다.,팬에 올리브유를 두르고 다진 마늘과 양파를 볶아 향을 낸다.,"생크림과 토마토소스를 넣고 소스가 끓으면 소금, 후추로 간을 맞춘다.",삶은 파스타 면을 넣고 소스와 잘 섞어 중불에서 볶는다.,파마산 치즈를 뿌려 완성한다.,,
로제떡볶이,"분식, 간편식",20분,중간,"로제 소스에 매콤한 떡볶이가 더해진 인기 메뉴, 새로운 맛을 경험해보세요!","떡볶이 떡(200g), 생크림(1/2컵), 토마토소스(1/2컵), 고추장(1큰술), 고춧가루(1작은술), 양파(1/4개), 대파(1대), 소금(약간), 물(2컵)",떡볶이 떡을 미리 물에 불려 준비한다.,"팬에 물을 붓고 고추장, 고춧가루를 넣고 끓인다.","물이 끓으면 떡볶이 떡과 양파, 대파를 넣고 끓인다.",생크림과 토마토소스를 넣고 잘 섞어가며 끓인다.,소금으로 간을 맞춘 후 한 번 더 끓여 마무리한다.,,
마라로제떡볶이,"분식, 간편식",25분,중간,마라 소스와 로제 소스의 만남! 매콤하고 부드러운 색다른 떡볶이.,"떡볶이 떡(200g), 마라 소스(1큰술), 생크림(1/2컵), 토마토소스(1/2컵), 고추장(1큰술), 고춧가루(1작은술), 대파(1대), 양파(1/4개), 소금(약간), 물(2컵)",떡볶이 떡을 미리 물에 불려 준비한다.,"팬에 물을 붓고 고추장, 고춧가루, 마라 소스를 넣고 끓인다.","떡볶이 떡과 양파, 대파를 넣고 끓인다.",생크림과 토마토소스를 넣어 잘 섞은 후 끓인다.,소금으로 간을 맞추고 한 번 더 끓여 완성한다.,,
연어 크림치즈,"양식, 간편식",10분,쉬움,"연어와 크림치즈의 고소함이 어우러진 핑거푸드, 간단하게 멋진 안주로 딱!","훈제연어(100g), 크림치즈(2큰술), 레몬즙(약간), 후추(약간), 딜(선택)",훈제연어를 적당한 크기로 자른다.,크림치즈에 레몬즙과 후추를 넣고 잘 섞는다.,연어 위에 크림치즈를 올리고 기호에 따라 딜을 올려 완성한다.,,,,
까나페,"양식, 간편식",10분,쉬움,"다양한 재료로 완성하는 핑거푸드, 파티 요리로도 좋아요!","크래커(10개), 크림치즈(2큰술), 훈제연어(50g), 방울토마토(5개), 오이(1/2개), 파프리카(1/4개), 올리브(5개)",크래커 위에 크림치즈를 바른다.,"크림치즈 위에 훈제연어, 방울토마토, 오이, 파프리카, 올리브 등 원하는 재료를 올린다.",기호에 따라 후추나 허브로 마무리하여 서빙한다.,,,,
아보카도 샌드위치,"양식, 간편식",10분,쉬움,"부드러운 아보카도와 신선한 재료가 어우러진 건강한 샌드위치, 가볍지만 영양은 든든해요!","아보카도(1개), 식빵(2장), 토마토(1개), 양상추(약간), 소금(약간), 후추(약간), 마요네즈(1큰술), 올리브유(약간)","아보카도는 반으로 갈라 씨를 제거한 후, 속을 파내어 으깬다.","으깬 아보카도에 소금, 후추, 올리브유를 넣어 잘 섞는다.","토마토는 얇게 썰고, 양상추는 한입 크기로 뜯어 준비한다.","식빵 한쪽에 마요네즈를 바르고, 아보카도, 토마토, 양상추를 올린다.","다른 식빵으로 덮고, 필요에 따라 반으로 잘라 완성한다.",,
까르보나라 파스타,"양식, 면류",20분,중간,"베이컨과 부드러운 크림이 어우러진 까르보나라 파스타, 고소함이 가득해요!","파스타면(1인분), 베이컨(100g), 생크림(1/2컵), 달걀노른자(1개), 다진 마늘(1큰술), 파마산 치즈(약간), 소금, 후추(약간)",파스타 면을 소금물에 삶고 물기를 뺀다.,팬에 베이컨과 다진 마늘을 넣고 노릇하게 볶는다.,생크림을 넣고 끓인 후 소금과 후추로 간을 맞춘다.,파스타 면을 넣고 소스와 잘 섞는다.,불을 끄고 달걀노른자를 넣어 빠르게 섞은 후 파마산 치즈를 뿌려 완성한다.,,
베이컨 말이 구이,"한식, 반찬",15분,쉬움,"베이컨으로 다양한 재료를 말아 구운 간단한 요리, 파티에서도 인기 만점!","베이컨(8장), 아스파라거스(4개), 파프리카(1/4개), 양송이버섯(4개), 올리브유(1큰술)","아스파라거스, 파프리카, 양송이버섯을 적당한 크기로 썬다.",베이컨으로 준비한 채소를 하나씩 말아 꼬치로 고정한다.,팬에 올리브유를 두르고 베이컨 말이를 굽는다.,베이컨이 노릇하게 익으면 접시에 담아 완성한다.,,,
잡채,"한식, 반찬",30분,중간,"당면과 다양한 채소를 볶아 만든 잡채, 누구나 좋아하는 한국식 명품 반찬!","당면(150g), 시금치(1줌), 양파(1/2개), 당근(1/4개), 소고기(100g), 간장(2큰술), 설탕(1큰술), 다진 마늘(1작은술), 참기름(1큰술), 소금(약간)",당면을 물에 불려 끓는 물에 5분 정도 삶아 헹궈둔다.,"소고기를 간장, 설탕, 다진 마늘로 밑간하여 볶는다.","시금치는 데쳐서 물기를 짜고, 당근과 양파는 채썬다.",팬에 참기름을 두르고 모든 재료를 넣고 간장과 설탕으로 간을 맞추며 볶는다.,마지막으로 당면을 넣고 모든 재료와 잘 섞은 후 완성한다.,,
김말이튀김,"분식, 간편식",20분,중간,"당면을 김에 말아 바삭하게 튀긴 한국식 튀김, 간식으로 딱이에요.","김(5장), 당면(100g), 튀김가루(1컵), 물(3/4컵), 소금(약간), 식용유(적당량)",당면을 물에 불려 삶은 후 소금으로 간을 한다.,김 위에 당면을 얇게 올리고 말아 김말이를 만든다.,"튀김가루와 물을 섞어 반죽을 만들고, 김말이를 반죽에 담근다.",예열된 식용유에 김말이를 넣고 바삭하게 튀긴다.,,,
탕수육,"중식, 메인요리",30분,어려움,"바삭하게 튀긴 고기를 새콤달콤한 소스에 찍어 먹는 중식 요리, 한번 맛보면 빠져들어요!","돼지고기(300g), 튀김가루(1컵), 물(3/4컵), 식용유(적당량), 식초(2큰술), 설탕(2큰술), 물(1컵), 전분(1큰술), 당근(1/4개), 양파(1/4개), 피망(1/4개)",돼지고기를 먹기 좋은 크기로 자르고 튀김가루에 물을 섞어 반죽을 만든다.,돼지고기를 반죽에 묻혀 바삭하게 튀긴다.,"팬에 식초, 설탕, 물을 넣고 끓인 후 전분을 풀어 소스를 만든다.","당근, 양파, 피망을 넣고 소스를 한 번 더 끓인다.",,,
만두 탕수육,"중식, 메인요리",20분,중간,"만두를 바삭하게 튀겨 새콤달콤 소스에 찍어 먹는 탕수육, 특별한 날 즐기기 좋아요!","냉동 만두(10개), 튀김가루(1컵), 물(3/4컵), 식용유(적당량), 식초(2큰술), 설탕(2큰술), 물(1컵), 전분(1큰술), 양파(1/4개), 당근(1/4개), 피망(1/4개)",냉동 만두에 튀김가루와 물을 섞어 만든 반죽을 입힌다.,예열된 식용유에 만두를 바삭하게 튀긴다.,"팬에 식초, 설탕, 물을 넣고 끓인 후 전분을 풀어 소스를 만든다.","양파, 당근, 피망을 넣고 한 번 더 끓인 후 튀긴 만두에 소스를 뿌려 완성한다.",,,
가지볶음,"한식, 반찬",15분,쉬움,"가지를 부드럽게 볶아 만든 간단한 반찬, 건강 챙기기에 딱!","가지(2개), 다진 마늘(1작은술), 간장(1큰술), 설탕(1/2큰술), 참기름(1큰술), 깨소금(약간)",가지를 먹기 좋은 크기로 썰어 준비한다.,팬에 다진 마늘과 가지를 넣고 볶다가 간장과 설탕을 넣어 간을 맞춘다.,가지가 부드러워질 때까지 볶은 후 참기름과 깨소금을 뿌려 완성한다.,,,,
애호박 볶음,"한식, 반찬",10분,쉬움,"애호박을 간단하게 볶아낸 반찬, 깔끔한 맛이 일품이에요.","애호박(1개), 다진 마늘(1작은술), 소금(약간), 후추(약간), 참기름(1큰술)",애호박을 얇게 썰어 준비한다.,팬에 다진 마늘을 볶다가 애호박을 넣고 볶는다.,"소금과 후추로 간을 맞추고, 호박이 부드러워지면 참기름을 뿌려 완성한다.",,,,
시금치 무침,"한식, 반찬",10분,쉬움,"간단하게 무쳐낸 시금치, 고소하고 건강한 밑반찬이에요.","시금치(1단), 간장(1큰술), 다진 마늘(1작은술), 참기름(1큰술), 소금(약간), 깨소금(약간)",시금치는 끓는 소금물에 살짝 데친 후 찬물에 헹구어 물기를 짠다.,데친 시금치를 먹기 좋은 크기로 자른다.,"볼에 간장, 다진 마늘, 참기름, 소금을 넣고 양념장을 만든다.","시금치에 양념장을 넣고 잘 무친 후, 깨소금을 뿌려 완성한다.",,,
콩나물국,"한식, 국/찌개",15분,쉬움,"시원하고 담백한 국물 요리, 집에서 간편하게 힐링 타임!","콩나물(200g), 물(6컵), 다진 마늘(1작은술), 국간장(1큰술), 대파(1대), 소금(약간), 후추(약간)",냄비에 물을 붓고 끓기 시작하면 콩나물과 다진 마늘을 넣는다.,콩나물이 익으면 국간장과 소금으로 간을 맞춘다.,대파를 넣고 한 번 더 끓인 후 후추를 뿌려 완성한다.,,,,
콩나물무침,"한식, 반찬",10분,쉬움,"아삭한 콩나물을 새콤매콤하게 무쳐낸 반찬, 입맛 돋우는 데 최고예요!","콩나물(200g), 고춧가루(1큰술), 간장(1큰술), 다진 마늘(1작은술), 참기름(1큰술), 깨소금(약간)",콩나물을 끓는 물에 데친 후 찬물에 헹구어 물기를 뺀다.,"볼에 고춧가루, 간장, 다진 마늘, 참기름을 섞어 양념장을 만든다.","데친 콩나물을 양념장에 넣고 가볍게 무친 후, 깨소금을 뿌려 완성한다.",,,,
두부구이,"한식, 반찬",10분,쉬움,"바삭하게 구운 두부에 간장 살짝 찍어먹는 간단 요리, 고소한 맛이 일품이에요.","두부(1모), 간장(2큰술), 참기름(1큰술), 다진 마늘(1작은술), 깨소금(약간), 식용유(적당량)",두부를 1cm 두께로 썰어 준비한다.,팬에 식용유를 두르고 두부를 노릇하게 앞뒤로 굽는다.,"구운 두부에 간장, 참기름, 다진 마늘을 섞은 양념장을 곁들여 완성한다.",,,,
맛살튀김,"한식, 반찬",15분,쉬움,"바삭한 맛살튀김, 간단하지만 중독성 있는 간식이나 반찬으로 좋아요!","맛살(6개), 튀김가루(1컵), 물(3/4컵), 식용유(적당량)",맛살에 튀김가루를 묻힌다.,물과 튀김가루를 섞어 튀김 반죽을 만든다.,"맛살을 반죽에 적신 후, 예열된 식용유에 바삭하게 튀긴다.",기름을 빼고 접시에 담아 완성한다.,,,
어묵볶음,"한식, 반찬",10분,쉬움,"쫄깃한 어묵을 매콤달콤하게 볶아낸 반찬, 밥반찬으로 최고죠!","어묵(200g), 고추장(1큰술), 간장(1큰술), 설탕(1큰술), 다진 마늘(1작은술), 대파(1대), 식용유(1큰술)",어묵을 먹기 좋은 크기로 썬다.,팬에 식용유를 두르고 다진 마늘과 대파를 볶아 향을 낸다.,"어묵을 넣고 볶다가 고추장, 간장, 설탕을 넣고 섞어가며 볶는다.",모든 재료가 익으면 접시에 담아 완성한다.,,,
새송이 버섯볶음,"한식, 반찬",10분,쉬움,"새송이버섯의 쫄깃한 식감이 매력적인 간단한 볶음요리, 씹는 재미가 있어요!","새송이버섯(200g), 간장(1큰술), 다진 마늘(1작은술), 참기름(1큰술), 깨소금(약간)",새송이버섯을 얇게 썰어 준비한다.,팬에 다진 마늘을 볶다가 새송이버섯을 넣고 볶는다.,간장과 참기름을 넣어 간을 맞추고 볶아준다.,접시에 담고 깨소금을 뿌려 완성한다.,,,
콩자반,"한식, 반찬",30분,중간,"달콤 짭짤한 간장양념에 졸여낸 콩반찬, 고소하고 건강한 밑반찬이에요.","검은콩(1컵), 간장(2큰술), 설탕(1큰술), 물(2컵), 참기름(1작은술), 깨소금(약간)",검은콩을 물에 불려둔다.,"냄비에 물, 간장, 설탕을 넣고 콩을 중불에서 졸인다.",콩이 부드러워지면 참기름과 깨소금을 넣어 마무리한다.,,,,
미역줄기 볶음,"한식, 반찬",10분,쉬움,"짭짤하고 부드러운 미역줄기 반찬, 가볍게 먹기 좋은 영양 가득한 반찬!","미역줄기(200g), 다진 마늘(1작은술), 간장(1큰술), 참기름(1큰술), 깨소금(약간)",미역줄기를 찬물에 헹구어 물기를 뺀다.,팬에 다진 마늘을 볶다가 미역줄기를 넣고 볶는다.,간장과 참기름을 넣어 간을 맞추고 볶아준다.,깨소금을 뿌려 마무리한다.,,,
김치 두루치기,"한식, 메인요리",20분,쉬움,"매콤한 김치와 돼지고기를 함께 볶아낸 인기 한식, 언제 먹어도 질리지 않아요!","돼지고기(200g, 삼겹살 또는 앞다리살), 신 김치(1컵), 양파(1/2개), 대파(1대), 고춧가루(1큰술), 간장(1큰술), 설탕(1/2큰술), 다진 마늘(1작은술), 참기름(1큰술), 물(1/2컵)","돼지고기는 먹기 좋은 크기로 자르고, 양파와 대파는 채썬다.",팬에 돼지고기를 넣고 중불에서 노릇하게 볶는다.,"고기가 어느 정도 익으면 신 김치, 고춧가루, 간장, 설탕, 다진 마늘을 넣고 함께 볶는다.",물을 넣고 약불에서 김치와 고기가 부드러워질 때까지 5분 정도 끓인다.,대파와 참기름을 넣고 한 번 더 볶아 마무리한 후 접시에 담아 완성한다.,,
두부김치,"한식, 반찬",15분,쉬움,"부드러운 두부와 매콤한 김치가 만나 환상의 안주로, 술안주로도 딱이에요!","두부(1모), 신 김치(1컵), 돼지고기(100g, 선택), 고춧가루(1큰술), 간장(1큰술), 설탕(1/2큰술), 다진 마늘(1작은술), 참기름(1큰술), 대파(1대), 식용유(1큰술)",두부는 끓는 물에 데쳐서 물기를 제거한 후 먹기 좋은 크기로 썰어 준비한다.,팬에 식용유를 두르고 다진 마늘과 돼지고기를 넣어 볶는다.,"돼지고기가 익으면 신 김치, 고춧가루, 간장, 설탕을 넣고 함께 볶는다.",김치가 부드러워지면 대파와 참기름을 넣고 한 번 더 볶아 완성한다.,데친 두부를 접시에 담고 볶은 김치와 함께 서빙한다.,,
감자 샐러드,"양식, 샐러드",20분,쉬움,"달달한 감자를 기본으로 만든 샐러드, 가볍게 먹기 좋은 사이드 메뉴!","감자(2개), 당근(1/4개), 오이(1/2개), 마요네즈(3큰술), 설탕(1작은술), 소금(약간), 후추(약간), 삶은 달걀(1개, 선택)","감자는 껍질을 벗기고 끓는 물에 삶아서 부드럽게 익힌 후, 물기를 제거하고 으깬다.","당근과 오이는 얇게 썰어 소금을 살짝 뿌려 5분간 절인 후, 물기를 짠다.",삶은 달걀은 잘게 다지거나 슬라이스 한다(선택).,"볼에 으깬 감자, 절인 당근과 오이, 마요네즈, 설탕, 소금, 후추를 넣고 골고루 섞는다.",기호에 따라 삶은 달걀을 위에 올리거나 섞어서 접시에 담아 완성한다.,,
단무지 무침,"한식, 반찬",5분,쉬움,"새콤달콤한 단무지를 매콤하게 무쳐낸 반찬, 입맛 돋우는 깔끔한 맛!","단무지(1컵, 채 썬 것), 고춧가루(1큰술), 간장(1작은술), 설탕(1작은술), 식초(1큰술), 참기름(1작은술), 깨소금(약간)",단무지를 얇게 채 썰어 준비한다.,"볼에 단무지와 고춧가루, 간장, 설탕, 식초를 넣고 고루 섞어 무친다.",마지막으로 참기름과 깨소금을 넣고 한 번 더 가볍게 섞어 접시에 담아 완성한다.,,,,
볶음김치,"한식, 반찬",10분,쉬움,신김치를 볶아 고소하고 매콤한 밥반찬 완성! 자취생도 금방 만들 수 있어요.,"신김치(1컵), 식용유(1큰술), 설탕(1작은술), 참기름(1작은술), 통깨(약간)",팬에 식용유를 두르고 신김치를 넣고 중불에서 5분간 볶는다.,설탕을 넣고 김치가 부드러워질 때까지 더 볶는다.,볶아진 김치에 참기름을 넣고 불을 끈 후 통깨를 뿌려 완성한다.,,,,
매운 어묵볶음,"한식, 반찬",10분,쉬움,"매콤한 양념에 어묵을 볶아낸 간편한 반찬, 한 번 만들면 밥이 술술!","어묵(200g), 고추장(1큰술), 고춧가루(1작은술), 간장(1큰술), 설탕(1작은술), 물(2큰술), 다진 마늘(1작은술), 식용유(1큰술), 참기름(1작은술), 대파(1대)",팬에 식용유를 두르고 다진 마늘을 볶아 향을 낸다.,"어묵을 넣고 고추장, 고춧가루, 간장, 설탕, 물을 넣어 양념이 어묵에 잘 배도록 중불에서 볶는다.",대파를 넣고 마지막에 참기름을 뿌려 마무리한다.,,,,
아보카도 간장밥,"퓨전, 밥류",5분,쉬움,"부드러운 아보카도와 간장이 만나 완성된 건강한 한 끼, 간단하고 영양가도 높아요!","밥(1공기), 아보카도(1/2개), 간장(1큰술), 참기름(1작은술), 김가루(약간), 깨소금(약간)",아보카도를 반으로 잘라 껍질을 제거하고 얇게 슬라이스한다.,따뜻한 밥 위에 슬라이스한 아보카도를 얹는다.,"간장과 참기름을 밥 위에 뿌리고, 김가루와 깨소금을 뿌려 완성한다.",,,,
계란 볶음밥,"한식, 밥류",10분,쉬움,"빠르게 만들 수 있는 고소한 계란 볶음밥, 배고플 때 간단히 해결하기 좋아요.","밥(1공기), 달걀(2개), 대파(1대), 간장(1큰술), 소금(약간), 후추(약간), 식용유(1큰술)",팬에 식용유를 두르고 대파를 넣어 볶아 파기름을 낸다.,달걀을 풀어 팬에 넣고 스크램블 해준다.,밥을 넣고 간장과 소금을 넣어 볶아준다.,마지막으로 후추를 뿌려 간을 맞추고 접시에 담아 완성한다.,,,
순두부찌개,"한식, 국/찌개",20분,중간,"부드러운 순두부와 다양한 재료로 끓여낸 깊고 진한 순두부찌개, 속까지 시원해져요!","순두부(1팩), 돼지고기(100g), 대파(1대), 양파(1/2개), 다진 마늘(1작은술), 고추가루(1큰술), 국간장(1큰술), 계란(1개), 물(3컵), 참기름(1큰술)",냄비에 참기름을 두르고 다진 마늘과 돼지고기를 넣어 중불에서 볶는다.,"고기가 익으면 양파를 넣고 함께 볶다가, 고추가루와 국간장을 넣어 양념이 배게 볶는다.",물을 붓고 끓이면서 순두부를 넣고 잘 풀어준다.,대파를 넣고 한 번 더 끓인다.,마지막으로 계란을 풀어 넣고 살짝 끓여 마무리한다.,,
고추장찌개,"한식, 국/찌개",20분,쉬움,"매콤한 고추장을 베이스로 한 얼큰한 찌개, 속이 확 풀리는 얼큰함!","돼지고기(150g), 감자(1개), 양파(1/2개), 애호박(1/3개), 고추장(2큰술), 고춧가루(1큰술), 국간장(1큰술), 다진 마늘(1작은술), 물(4컵), 대파(1대), 두부(1/2모, 선택)",냄비에 돼지고기를 넣고 고추장과 고춧가루를 넣어 중불에서 볶는다.,"물을 붓고 끓으면 감자, 양파, 애호박을 넣고 끓인다.",국간장과 다진 마늘을 넣고 감자가 익을 때까지 중불에서 계속 끓인다.,마지막으로 대파와 두부를 넣고 한소끔 더 끓여 마무리한다.,,,
오징어찌개,"한식, 국/찌개",25분,중간,"오징어와 채소가 어우러진 얼큰한 찌개, 시원하고 깔끔한 국물 맛!","오징어(1마리), 감자(1개), 양파(1/2개), 대파(1대), 고추장(1큰술), 고춧가루(1큰술), 다진 마늘(1작은술), 물(4컵), 간장(1큰술), 두부(1/2모, 선택), 청양고추(1개, 선택)",오징어는 껍질을 벗기고 깨끗이 씻어 먹기 좋은 크기로 자른다.,"냄비에 물을 넣고 고추장, 고춧가루, 간장을 넣고 끓인다.",감자와 양파를 넣고 끓이다가 감자가 익으면 오징어를 넣는다.,"오징어가 익으면 두부와 대파, 청양고추를 넣고 한소끔 더 끓여 마무리한다.",,,
볶음우동,"일식, 면류",15분,쉬움,"쫄깃한 우동면을 야채와 함께 간장 소스로 볶아낸 일본식 볶음요리, 간단하면서도 맛있어요!","우동면(1인분), 양파(1/2개), 당근(1/4개), 양배추(1컵), 대파(1대), 간장(2큰술), 굴소스(1큰술), 설탕(1작은술), 다진 마늘(1작은술), 참기름(1작은술), 식용유(2큰술)",우동면은 뜨거운 물에 살짝 데쳐서 물기를 뺀다.,팬에 식용유를 두르고 다진 마늘을 넣어 향을 낸다.,"양파, 당근, 양배추를 넣고 센 불에서 빠르게 볶는다.","야채가 살짝 익으면 우동면을 넣고 간장, 굴소스, 설탕을 넣어 함께 볶는다.",대파를 넣고 참기름을 둘러 마지막으로 한 번 더 볶아 마무리한다.,접시에 담고 기호에 따라 통깨를 뿌려 완성한다.,
에그드롭 샌드위치,"양식, 간편식",15분,쉬움,"SNS에서 유행한 부드러운 스크램블 에그와 풍부한 소스로 즐기는 샌드위치, 간편하고 맛있어요!","식빵 (2장), 달걀 (2개), 버터 (1큰술), 마요네즈 (1큰술), 우유 (1큰술), 소금 (약간), 설탕 (1작은술), 슬라이스 치즈 (1장), 베이컨 (2줄, 선택), 허니 머스터드 소스 (1큰술), 케첩 (1큰술, 선택)","달걀을 그릇에 깨고 우유와 소금 약간을 넣어 잘 풀어준다. 팬에 버터를 녹인 후, 약불에서 달걀을 넣고 천천히 저어가며 부드럽게 스크램블을 만든다.",식빵은 토스터기에 구워 겉을 바삭하게 한다. 버터를 약간 발라 구워도 좋다.,베이컨을 팬에 구워 바삭하게 준비한다.(선택),"구운 식빵 한쪽에 허니 머스터드 소스를 바르고, 그 위에 슬라이스 치즈를 올린다. 그 위에 부드럽게 익힌 스크램블 에그를 올리고, 베이컨을 추가한 후 케첩을 뿌린다.",나머지 식빵으로 덮어 샌드위치를 완성한다.,,
크림떡볶이,"분식, 간편식",20분,쉬움,"쫄깃한 떡볶이를 부드러운 크림 소스와 함께 즐기는 색다른 떡볶이, 고소하고 달달해요!","떡볶이 떡(200g), 베이컨(50g), 양파(1/4개), 마늘(2쪽), 생크림(1컵), 우유(1컵), 파마산 치즈(1큰술), 소금(약간), 후추(약간), 올리브유(1큰술)",떡볶이 떡은 미리 물에 불려 준비한다.,"팬에 올리브유를 두르고 마늘과 양파, 베이컨을 넣고 중불에서 볶는다.",생크림과 우유를 넣고 끓이다가 떡볶이 떡을 넣는다.,"떡이 부드럽게 익으면 파마산 치즈를 넣고 소금, 후추로 간을 맞춘다.",크림 소스가 걸쭉해지면 불을 끄고 접시에 담아 완성한다.,,
감바스,"양식, 메인요리",10분,쉬움,"간단하게 만들 수 있는 자취생 맞춤형 스페인식 새우 요리, 특별한 날을 위한 요리로 완벽해요!","냉동 새우(10마리), 다진 마늘(1큰술), 올리브유(3큰술), 페퍼론치노(1~2개, 선택), 소금(약간), 후추(약간), 바게트 또는 식빵(선택)",냉동 새우는 미리 해동하여 물기를 제거한다.,팬에 올리브유를 두르고 약불에서 다진 마늘을 넣어 천천히 볶아 향을 낸다.,마늘이 노릇해지면 새우를 넣고 중불에서 새우가 익을 때까지 볶는다.,소금과 후추로 간을 맞추고 페퍼론치노를 넣어 매운맛을 더한다. (선택 사항),새우가 익으면 바게트나 식빵을 곁들여 완성한다.,,
육전,"한식, 반찬",30분,중간,"소고기를 얇게 썰어 계란 옷 입혀 부친 전, 부드럽고 고소한 맛이 일품이에요!","소고기(150g), 달걀(2개), 밀가루(2큰술), 소금(약간), 후추(약간), 식용유(적당량)",소고기에 소금과 후추로 간을 한다.,"달걀을 풀어 준비하고, 소고기에 밀가루를 묻힌다.",밀가루를 묻힌 소고기를 달걀물에 적신다.,팬에 식용유를 두르고 중불에서 앞뒤로 노릇하게 부친다.,접시에 담아 완성한다.,,
참치김밥,"한식, 간편식",30분,중간,"고소한 참치를 넣은 간단한 김밥, 누구나 쉽게 만들 수 있는 메뉴!","김(2장), 밥(1공기), 참치(1/2캔), 마요네즈(1큰술), 단무지(2줄), 당근(1/4개), 오이(1/4개), 소금(약간), 참기름(1작은술), 깨(약간)",참치에 마요네즈를 넣고 섞는다.,당근과 오이는 채 썰어 소금에 절인다.,"김 위에 밥을 고루 펴고 참치, 단무지, 당근, 오이를 올린다.",김밥을 단단하게 말아 참기름을 바르고 깨를 뿌린다.,먹기 좋게 썰어 접시에 담아 완성한다.,,
햄베이컨샌드위치,"양식, 간편식",15분,쉬움,"햄과 베이컨을 듬뿍 넣은 풍성한 샌드위치, 아침 메뉴로도 딱!","식빵(2장), 햄(2장), 베이컨(2줄), 치즈(1장), 양상추(1장), 마요네즈(1큰술), 머스터드(1작은술)","베이컨을 노릇하게 굽고, 햄도 팬에 살짝 구워준다.",식빵에 마요네즈와 머스터드를 바른다.,"식빵 위에 양상추, 햄, 베이컨, 치즈를 올린다.",남은 식빵으로 덮어 완성한다.,,,
간편샌드위치,"양식, 간편식",10분,쉬움,"간단하게 만들 수 있는 아침용 샌드위치, 바쁜 아침에도 든든하게 해결할 수 있어요.","식빵(2장), 슬라이스 햄(1장), 슬라이스 치즈(1장), 상추(1장), 마요네즈(1큰술)",식빵에 마요네즈를 바른다.,"식빵 한쪽에 상추, 햄, 치즈를 올린다.",다른 식빵으로 덮어 완성한다.,,,,
길거리토스트,"양식, 간편식",15분,중간,"노릇하게 구운 식빵과 달걀이 어우러진 토스트, 간단하면서도 맛은 확실해요!","식빵(2장), 달걀(1개), 양배추(1/4컵), 당근(약간), 설탕(1작은술), 버터(1큰술), 케첩(약간)",양배추와 당근을 얇게 채 썬다.,"달걀을 풀고 양배추, 당근을 넣어 섞는다.",팬에 버터를 두르고 달걀 반죽을 부친다.,식빵을 팬에 노릇하게 굽는다.,"구운 식빵 위에 달걀과 설탕, 케첩을 뿌려 완성한다.",,
감자샐러드,"양식, 간편식",20분,쉬움,"부드럽고 고소한 감자샐러드, 입맛 없을 때 딱 좋은 반찬이에요.","감자(2개), 당근(1/4개), 양파(1/4개), 마요네즈(2큰술), 소금(약간), 후추(약간)",감자를 삶아 으깬다.,당근과 양파를 잘게 다진다.,"으깬 감자에 마요네즈, 소금, 후추를 넣고 섞는다.",당근과 양파를 넣고 고루 섞어 완성한다.,,,
닭가슴살 덮밥,"한식, 밥류",20분,쉬움,"고단백 닭가슴살을 부드럽게 볶아 만든 덮밥, 간편하면서도 든든한 한 끼로 추천!","닭가슴살(150g), 쌀(1공기), 대파(1/2대), 마늘(2쪽), 양파(1/4개), 간장(1큰술), 참기름(1작은술), 소금(약간), 후추(약간), 식용유(적당량)","닭가슴살을 먹기 좋은 크기로 썰고, 소금과 후추로 밑간을 해둔다.","양파와 대파를 얇게 채썰고, 마늘은 다진다.","팬에 식용유를 두르고, 마늘과 대파를 먼저 볶아 향을 낸다.",닭가슴살을 넣고 중간 불에서 익을 때까지 볶는다.,양파를 넣고 함께 볶다가 간장과 참기름을 넣어 간을 맞춘다.,밥 위에 볶은 닭가슴살과 양파를 얹어 완성한다.,
소불고기 덮밥,"한식, 밥류",30분,중간,"달콤 짭짤한 소불고기를 간편하게 덮밥으로, 누구나 좋아하는 맛!","소고기(불고기용 150g), 쌀(1공기), 양파(1/2개), 대파(1/2대), 간장(2큰술), 설탕(1큰술), 참기름(1작은술), 다진 마늘(1작은술), 후추(약간), 식용유(적당량)","소고기를 간장, 설탕, 다진 마늘, 참기름, 후추로 재운다. 15분 정도 숙성시킨다.",양파와 대파를 채썬다.,"팬에 식용유를 두르고, 양파를 먼저 볶다가 재운 소고기를 넣고 함께 볶는다.","고기가 익으면 대파를 넣고, 참기름을 살짝 뿌려준다.",밥 위에 소불고기를 얹어 완성한다.,,
감자볶음,"한식, 반찬",15분,쉬움,"부드럽고 고소한 감자를 간단하게 볶아낸 반찬, 자취생도 쉽게 만들 수 있어요!","감자(2개), 양파(1/4개), 대파(조금), 소금(약간), 후추(약간), 식용유(적당량)","감자를 얇게 채썰고, 양파도 채썬다.","팬에 식용유를 두르고, 감자를 먼저 볶아준다.",감자가 반쯤 익으면 양파를 넣고 함께 볶는다.,"소금과 후추로 간을 맞추고, 대파를 넣어 마무리한다.",감자가 부드럽게 익으면 완성.,,
참치비빔밥,"한식, 밥류",15분,쉬움,"간단한 참치 통조림으로 만드는 영양 가득한 비빔밥, 한 끼 식사로 최고!","쌀(1공기), 참치 통조림(1캔), 계란(1개), 고추장(1큰술), 참기름(1작은술), 김가루(약간), 채소(시금치, 콩나물 등)","밥을 짓고, 계란은 프라이해 준비한다.",참치 통조림의 기름을 빼고 준비한다.,"그릇에 밥을 담고, 계란 프라이와 참치를 올린다.","고추장, 참기름, 김가루를 넣고 원하는 채소를 곁들인다.",잘 비벼서 먹으면 완성.,,
오이냉국,"한식, 국/찌개",10분,쉬움,"여름철 시원하게 즐길 수 있는 오이냉국, 더위 날려주는 상큼한 국물!","오이(1개), 대파(조금), 소금(약간), 식초(1큰술), 물(2컵), 참기름(약간)","오이를 얇게 채썰고, 대파는 잘게 다진다.",물에 소금과 식초를 섞어 국물을 만든다.,"오이와 대파를 넣고, 참기름을 살짝 뿌린다.",차갑게 해서 먹으면 완성.,,,
김치전,"한식, 반찬",20분,중간,"새콤한 김치를 사용해 바삭하고 고소한 전을 만드는 초간단 요리, 자취생 필수 레시피!","김치(1컵), 밀가루(1컵), 물(1/2컵), 대파(조금), 고춧가루(약간), 식용유(적당량)",김치는 잘게 썰고 대파도 송송 썬다.,큰 볼에 밀가루와 물을 넣고 반죽을 만든다.,"김치와 대파, 고춧가루를 넣어 반죽에 섞는다.",팬에 식용유를 두르고 중불에서 반죽을 얇게 펴준다.,앞뒤로 바삭하게 익히면 김치전 완성.,,
마늘쫑볶음,"한식, 반찬",15분,쉬움,"아삭한 마늘쫑을 간장에 볶아낸 반찬, 밥도둑 반찬으로 딱이에요!","마늘쫑(100g), 간장(2큰술), 설탕(1작은술), 참기름(1작은술), 식용유(적당량), 깨(약간)",마늘쫑을 먹기 좋은 크기로 자른다.,팬에 식용유를 두르고 마늘쫑을 살짝 볶는다.,"간장, 설탕, 참기름을 섞어 만든 소스를 넣고 볶아준다.",마늘쫑이 익으면 깨를 뿌려 완성한다.,,,
무생채,"한식, 반찬",10분,쉬움,"매콤한 양념으로 아삭한 무를 무쳐낸 반찬, 입맛 돋우는 데 최고!","무(1/4개), 고춧가루(2큰술), 식초(1큰술), 설탕(1작은술), 소금(약간), 깨(약간)",무는 채썰어 준비한다.,"큰 볼에 고춧가루, 식초, 설탕, 소금을 넣고 섞어 양념장을 만든다.",채썬 무를 양념장에 넣고 잘 버무린다.,마지막으로 깨를 뿌려 완성한다.,,,
참치전,"한식, 반찬",15분,쉬움,"참치 통조림으로 간단하게 만드는 고소한 전, 자취생 맞춤 메뉴로 딱!","참치 통조림(1개), 밀가루(1/2컵), 계란(1개), 대파(조금), 소금(약간), 식용유(적당량)",참치 통조림의 기름을 제거하고 큰 볼에 담는다.,"밀가루와 계란, 다진 대파를 넣어 잘 섞어 반죽을 만든다.",팬에 식용유를 두르고 반죽을 한 숟가락씩 떠서 구운다.,앞뒤로 노릇하게 익으면 참치전 완성.,,,